{"val_Loss": 0.46338434490290553, "val_AUC": 0.6688575976462914, "_timestamp": 1721999846.1702185, "_runtime": 8578.22284245491, "_step": 58}