{"val_Loss": 0.7067331362487679, "val_AUC": 0.5110252938127957, "_timestamp": 1721883482.7162435, "_runtime": 16.996155500411987, "_step": 0, "_wandb": {"runtime": 16}}