{"val_Loss": 0.28372310464831485, "val_AUC": 0.8563791566980846, "_timestamp": 1721886745.1735024, "_runtime": 997.6507613658905, "_step": 50, "train_Loss": 0.19868986548532788, "train_AUC": 0.9280100426983159, "test_auprc": 0.4963734263030023, "test_AUC": 0.8563791566980846, "_wandb": {"runtime": 996}}