{"val_Loss": 0.46754196615188154, "val_AUC": 0.5091492003953672, "_timestamp": 1721884938.8853095, "_runtime": 703.8573844432831, "_step": 34, "train_Loss": 0.4265548467208835, "train_AUC": 0.4893215843006089, "test_auprc": 0.15581544322125132, "test_AUC": 0.5091492003953672, "_wandb": {"runtime": 703}}