{"train_Loss": 0.2845306868924677, "train_AUC": 0.8396512125884809, "_timestamp": 1721712981.575943, "_runtime": 732.3054339885712, "_step": 39}