{"val_Loss": 1.6289227833006288, "val_AUC": 0.7991180272195046, "_timestamp": 1722108702.3929608, "_runtime": 10772.644480705261, "_step": 44, "train_Loss": 1.5166143493911286, "train_AUC": 0.8240318087136627, "test_auprc": 0.45624328463404673, "test_AUC": 0.7991180272195046, "_wandb": {"runtime": 10771}}