{"val_Loss": 0.37043938500015705, "val_AUC": 0.795573033707865, "_timestamp": 1722005282.1650546, "_runtime": 3418.149421453476, "_step": 54, "train_Loss": 0.11909343565366041, "train_AUC": 0.9754068716094032, "test_auprc": 0.4395860018458863, "test_AUC": 0.795573033707865, "_wandb": {"runtime": 3417}}