{"val_Loss": 6.209794134813137, "val_AUC": 0.7560056179775281, "_timestamp": 1721974174.1773822, "_runtime": 19962.384055137634, "_step": 48, "train_Loss": 1.6109862131076855, "train_AUC": 0.9897737767069166, "test_auprc": 0.3437925588013976, "test_AUC": 0.7560056179775281, "_wandb": {"runtime": 19961}}