{"val_Loss": 0.4787037968635559, "val_AUC": 0.5, "_timestamp": 1721695380.9424407, "_runtime": 107.99534773826599, "_step": 7, "train_Loss": 0.43673568190936757, "train_AUC": 0.5170985765713938, "_wandb": {"runtime": 384}}