{"val_Loss": 0.41736358652512234, "val_AUC": 0.6578511838416591, "_timestamp": 1721894118.3409076, "_runtime": 101.93697166442871, "_step": 4}