{"val_Loss": 0.4214694539641405, "val_AUC": 0.6955825328838989, "_timestamp": 1721895883.8947268, "_runtime": 1344.6094307899475, "_step": 74, "train_Loss": 0.35406451888622775, "train_AUC": 0.7808756580387414, "test_auprc": 0.3106013309769166, "test_AUC": 0.6955825328838989, "_wandb": {"runtime": 1343}}