{"val_Loss": 0.41492343847065755, "val_AUC": 0.715803370786517, "_timestamp": 1721981943.5800385, "_runtime": 6128.387466430664, "_step": 101, "train_Loss": 0.4059439716034366, "train_AUC": 0.7369227291695646, "test_auprc": 0.2975148751239133, "test_AUC": 0.715803370786517, "_wandb": {"runtime": 6127}}