{"val_Loss": 0.5327047277590755, "val_AUC": 0.49088887229223693, "_timestamp": 1721593770.2306, "_runtime": 132.71270513534546, "_step": 0, "_wandb": {"runtime": 134}}