{"val_Loss": 0.4388049319386482, "val_AUC": 0.5, "_timestamp": 1721695845.9014442, "_runtime": 181.6540961265564, "_step": 15, "train_Loss": 0.4270571584540202, "train_AUC": 0.5035262206148283, "_wandb": {"runtime": 176}}