{"val_Loss": 0.7146601027317261, "val_AUC": 0.5031008732867498, "_timestamp": 1721993111.499964, "_runtime": 131.28486704826355, "_step": 0, "_wandb": {"runtime": 134}}