{"val_Loss": 0.28845001295186146, "val_AUC": 0.8597862040174056, "_timestamp": 1721888088.2850478, "_runtime": 1559.4163227081299, "_step": 78, "train_Loss": 0.19829334303353388, "train_AUC": 0.9288822047521896, "test_auprc": 0.5049986300203031, "test_AUC": 0.8597862040174056, "_wandb": {"runtime": 1558}}