{"val_Loss": 0.27613566746359935, "val_AUC": 0.8531213035961828, "_timestamp": 1721889397.832028, "_runtime": 2042.1879119873047, "_step": 101, "train_Loss": 0.26205186969537264, "train_AUC": 0.8698253048834526, "test_auprc": 0.4938461607849929, "test_AUC": 0.8531213035961828, "_wandb": {"runtime": 2041}}