{"val_Loss": 0.3899979459774959, "val_AUC": 0.7173986871784475, "_timestamp": 1721901067.2292547, "_runtime": 1240.244860649109, "_step": 34, "train_Loss": 0.3659356203077087, "train_AUC": 0.7594458020762294, "test_auprc": 0.32062722282138295, "test_AUC": 0.7173986871784475, "_wandb": {"runtime": 1239}}