{"val_Loss": 1.1064483374357224, "val_AUC": 0.5067327095945697, "_timestamp": 1721778514.87098, "_runtime": 29.495541095733643, "_step": 0, "_wandb": {"runtime": 153}}