{"val_Loss": 0.46375640276455826, "val_AUC": 0.6488549042694512, "_timestamp": 1721628033.0869825, "_runtime": 1137.3519093990326, "_step": 2, "train_Loss": 0.48280396249444263, "train_AUC": 0.5690344921742331, "_wandb": {"runtime": 1218}}