{"val_Loss": 0.39159712215264636, "val_AUC": 0.7354358980190117, "_timestamp": 1721999882.5162287, "_runtime": 9059.981583595276, "_step": 18}