{"val_Loss": 0.3911649387378197, "val_AUC": 0.7118584788503941, "_timestamp": 1721953033.1997428, "_runtime": 3473.818534851074, "_step": 101, "train_Loss": 0.3531362108191923, "train_AUC": 0.7866206531649635, "test_auprc": 0.33691853000066324, "test_AUC": 0.7118584788503941, "_wandb": {"runtime": 3473}}