{"val_Loss": 13.646605994737431, "val_AUC": 0.5159603742432581, "_timestamp": 1722112349.4549332, "_runtime": 13549.309643268585, "_step": 26}