{"val_Loss": 0.3901902553561616, "val_AUC": 0.7425898876404494, "_timestamp": 1722047140.1703825, "_runtime": 8211.367840528488, "_step": 101, "train_Loss": 0.3570888399573645, "train_AUC": 0.7840424607038531, "test_auprc": 0.3444265069829081, "test_AUC": 0.7425898876404494, "_wandb": {"runtime": 8210}}