{"val_Loss": 0.37038733167191074, "val_AUC": 0.8154494382022472, "_timestamp": 1721990277.4036815, "_runtime": 2748.060837507248, "_step": 38, "train_Loss": 0.019264730235727598, "train_AUC": 0.9994756936272587, "test_auprc": 0.48442481810998106, "test_AUC": 0.8154494382022472, "_wandb": {"runtime": 2747}}