{"val_Loss": 0.34269439496777276, "val_AUC": 0.8222571406847963, "_timestamp": 1721951059.0274663, "_runtime": 1684.9521613121033, "_step": 42, "train_Loss": 0.12256795141468739, "train_AUC": 0.9799402010557955, "test_auprc": 0.4912070073417961, "test_AUC": 0.8222571406847963, "_wandb": {"runtime": 1683}}