{"val_Loss": 0.3544611957383482, "val_AUC": 0.8455168539325841, "_timestamp": 1721977604.7148342, "_runtime": 2141.7097651958466, "_step": 36, "train_Loss": 0.012019544248859265, "train_AUC": 0.9998496787319876, "test_auprc": 0.5427008479240567, "test_AUC": 0.8455168539325841, "_wandb": {"runtime": 2140}}