{"val_Loss": 11.791693092293071, "val_AUC": 0.6165496616569937, "_timestamp": 1721960861.0737636, "_runtime": 10777.817913532257, "_step": 44, "train_Loss": 3.0629621612026052, "train_AUC": 0.5289374213176256, "test_auprc": 0.1962823695776042, "test_AUC": 0.6165496616569937, "_wandb": {"runtime": 10776}}