{"val_Loss": 0.4017569111152129, "val_AUC": 0.7278201586537243, "_timestamp": 1721901292.0440886, "_runtime": 1471.7779746055603, "_step": 40, "train_Loss": 0.3880949738338643, "train_AUC": 0.7233769985602789, "test_auprc": 0.3339959535535908, "test_AUC": 0.7278201586537243, "_wandb": {"runtime": 1470}}