{"val_Loss": 0.31818754828623314, "val_AUC": 0.8220782018550927, "_timestamp": 1721886427.3319185, "_runtime": 2116.806703567505, "_step": 101, "train_Loss": 0.29393330296235426, "train_AUC": 0.8288035413758181, "test_auprc": 0.4197130522902317, "test_AUC": 0.8220782018550927, "_wandb": {"runtime": 2115}}