{"val_Loss": 8.655865508414166, "val_AUC": 0.6777106741573036, "_timestamp": 1721984420.0483522, "_runtime": 30482.901897192, "_step": 52, "train_Loss": 735247.6574889694, "train_AUC": 0.507721744655145, "test_auprc": 0.2383928641650901, "test_AUC": 0.6777106741573036, "_wandb": {"runtime": 30482}}