{"val_Loss": 0.37719852665196296, "val_AUC": 0.6220372931470266, "_timestamp": 1721716457.0283577, "_runtime": 679.5314288139343, "_step": 2, "train_Loss": 0.3993236146148617, "train_AUC": 0.5238643947817456, "_wandb": {"runtime": 870}}