{"val_Loss": 1.011961742817197, "val_AUC": 0.5507613281966612, "_timestamp": 1721732944.7682447, "_runtime": 40.32465362548828, "_step": 0, "_wandb": {"runtime": 45}}