{"val_Loss": 0.7227628258141604, "val_AUC": 0.5031008732867498, "_timestamp": 1721991742.753728, "_runtime": 102.74863290786743, "_step": 0, "_wandb": {"runtime": 104}}