{"val_Loss": 0.3332544146743539, "val_AUC": 0.8394606741573033, "_timestamp": 1721981759.9931247, "_runtime": 5998.8191957473755, "_step": 101, "train_Loss": 0.27758024994255903, "train_AUC": 0.8938338955348449, "test_auprc": 0.4969736450020791, "test_AUC": 0.8394606741573033, "_wandb": {"runtime": 5997}}