{"val_Loss": 0.3513358061189775, "val_AUC": 0.8066908279899638, "_timestamp": 1721951096.8488047, "_runtime": 1854.5752747058868, "_step": 46, "train_Loss": 0.23320446584013202, "train_AUC": 0.9121948377323311, "test_auprc": 0.45429063018824484, "test_AUC": 0.8066908279899638, "_wandb": {"runtime": 1853}}