{"val_Loss": 0.49283364642258376, "val_AUC": 0.8052247191011236, "_timestamp": 1721994866.1451366, "_runtime": 6256.054315567017, "_step": 82, "train_Loss": 0.051894073481794055, "train_AUC": 0.9956113506746418, "test_auprc": 0.42886254662849477, "test_AUC": 0.8052247191011236, "_wandb": {"runtime": 6255}}