{"val_Loss": 0.3358146051225597, "val_AUC": 0.848859550561798, "_timestamp": 1721964701.4181974, "_runtime": 1608.5456643104553, "_step": 42, "train_Loss": 0.23450219751636786, "train_AUC": 0.9194146439004033, "test_auprc": 0.5571659611318699, "test_AUC": 0.848859550561798, "_wandb": {"runtime": 1607}}