{"val_Loss": 0.4050026231726935, "val_AUC": 0.7214815864967131, "_timestamp": 1721999783.0199392, "_runtime": 8443.38453412056, "_step": 16}