{"val_Loss": 0.38775587357478597, "val_AUC": 0.7402808988764046, "_timestamp": 1721995182.9076717, "_runtime": 6579.735249757767, "_step": 101, "train_Loss": 0.34178522243199494, "train_AUC": 0.8054419077757685, "test_auprc": 0.36449335758283, "test_AUC": 0.7402808988764046, "_wandb": {"runtime": 6578}}