{"val_Loss": 1.232994794845581, "val_AUC": 0.5, "_timestamp": 1721695971.6750743, "_runtime": 110.26506543159485, "_step": 9, "train_Loss": 1.1725368573701471, "train_AUC": 0.48481211265395785, "_wandb": {"runtime": 256}}