{"val_Loss": 0.8988246256358003, "val_AUC": 0.6285168539325842, "_timestamp": 1721990265.0007548, "_runtime": 1989.497948884964, "_step": 32, "train_Loss": 0.4226245189967908, "train_AUC": 0.5013730899645232, "test_auprc": 0.29342613533266687, "test_AUC": 0.6285168539325842, "_wandb": {"runtime": 1988}}