{"val_Loss": 0.4310042720723462, "val_AUC": 0.6683554248929213, "_timestamp": 1722002886.6447945, "_runtime": 1727.8986434936523, "_step": 44, "train_Loss": 0.4233791378450223, "train_AUC": 0.5260247137541317, "test_auprc": 0.3185525670192698, "test_AUC": 0.6683554248929213, "_wandb": {"runtime": 1727}}