{"val_Loss": 0.7037523290432921, "val_AUC": 0.47639770896556893, "_timestamp": 1721890209.525163, "_runtime": 631.4268519878387, "_step": 32, "train_Loss": 0.3782045384805624, "train_AUC": 0.4525956827258335, "test_auprc": 0.11992285762295926, "test_AUC": 0.47639770896556893, "_wandb": {"runtime": 630}}