{"val_Loss": 1.3121491800631613, "val_AUC": 0.5160154100165107, "_timestamp": 1721739457.1667411, "_runtime": 6125.195677042007, "_step": 24}