{"val_Loss": 0.4209026734937321, "val_AUC": 0.6617887827254986, "_timestamp": 1721949768.9902422, "_runtime": 3256.0041851997375, "_step": 101, "train_Loss": 0.4131824654597108, "train_AUC": 0.6430586733727363, "test_auprc": 0.24605916930398347, "test_AUC": 0.6617887827254986, "_wandb": {"runtime": 3255}}