{"val_Loss": 0.4805428124453923, "val_AUC": 0.44180898876404495, "_timestamp": 1721979376.2019181, "_runtime": 3993.7784872055054, "_step": 101, "train_Loss": 0.4766963240795566, "train_AUC": 0.41220679375539343, "test_auprc": 0.1428442079452319, "test_AUC": 0.44180898876404495, "_wandb": {"runtime": 3992}}