{"val_Loss": 0.38549876136181616, "val_AUC": 0.5463526872542572, "_timestamp": 1721906178.9306371, "_runtime": 16626.953933238983, "_step": 101, "train_Loss": 0.3874784636450565, "train_AUC": 0.5436849841175487, "test_auprc": 0.1496548772298283, "test_AUC": 0.5463526872542572, "_wandb": {"runtime": 16626}}