{"val_Loss": 2.0466874347668944, "val_AUC": 0.7777022471910112, "_timestamp": 1722136161.037528, "_runtime": 18301.3041100502, "_step": 46, "train_Loss": 1.7501879796883981, "train_AUC": 0.8424825715019755, "test_auprc": 0.3973641523637532, "test_AUC": 0.7777022471910112, "_wandb": {"runtime": 18300}}