{"val_Loss": 0.7067331362487679, "val_AUC": 0.5110252938127957, "_timestamp": 1721884079.9936292, "_runtime": 15.652207136154175, "_step": 0, "_wandb": {"runtime": 14}}