{"val_Loss": 0.35072255261852225, "val_AUC": 0.7375060342535716, "_timestamp": 1721905820.933485, "_runtime": 17629.98080611229, "_step": 101, "train_Loss": 0.33604711672569826, "train_AUC": 0.7633751602177105, "test_auprc": 0.2814077715579448, "test_AUC": 0.7375060342535716, "_wandb": {"runtime": 17629}}