{"val_Loss": 0.32868744113615583, "val_AUC": 0.837980586461211, "_timestamp": 1721948514.664614, "_runtime": 2154.9723069667816, "_step": 68, "train_Loss": 0.20687459927305954, "train_AUC": 0.9395340542430212, "test_auprc": 0.5269454115469798, "test_AUC": 0.837980586461211, "_wandb": {"runtime": 2154}}