{"val_Loss": 1.011961742817197, "val_AUC": 0.5507613281966612, "_timestamp": 1721732185.1452346, "_runtime": 39.034048557281494, "_step": 0, "_wandb": {"runtime": 43}}