{"train_Loss": 0.016371302967593152, "train_AUC": 0.9990625245155724, "_timestamp": 1721784428.6273255, "_runtime": 4448.656044483185, "_step": 39}