{"val_Loss": 1.5808378688354678, "val_AUC": 0.7730846237676459, "_timestamp": 1721973170.48435, "_runtime": 22213.450059890747, "_step": 90, "train_Loss": 1.2538957849251278, "train_AUC": 0.8406548732550303, "test_auprc": 0.40133251676022547, "test_AUC": 0.7730846237676459, "_wandb": {"runtime": 22211}}