{"val_Loss": 1.47852118035942, "val_AUC": 0.7696327647819146, "_timestamp": 1722018226.0753582, "_runtime": 17726.054081201553, "_step": 52, "train_Loss": 1.58530362517499, "train_AUC": 0.7743474031769396, "test_auprc": 0.44221862861562033, "test_AUC": 0.7696327647819146, "_wandb": {"runtime": 17725}}