{"val_Loss": 0.379273606285657, "val_AUC": 0.8109775280898875, "_timestamp": 1721990488.4432096, "_runtime": 3079.8126635551453, "_step": 42, "train_Loss": 0.16513876949219888, "train_AUC": 0.9574927841146196, "test_auprc": 0.4699169540633193, "test_AUC": 0.8109775280898875, "_wandb": {"runtime": 3078}}