{"val_Loss": 5.610891046595484, "val_AUC": 0.5000827179063208, "_timestamp": 1721596631.5841324, "_runtime": 778.5401225090027, "_step": 3, "train_Loss": 37.446004016404665, "train_AUC": 0.5260676653644899, "_wandb": {"runtime": 778}}