{"val_Loss": 0.4749342929827024, "val_AUC": 0.48354213483146075, "_timestamp": 1722003882.5123696, "_runtime": 2747.5141665935516, "_step": 36, "train_Loss": 0.4213997737357491, "train_AUC": 0.5270413131172624, "test_auprc": 0.14489879738413136, "test_AUC": 0.48354213483146075, "_wandb": {"runtime": 2746}}