{"val_Loss": 0.38728423242445115, "val_AUC": 0.7340902754897737, "_timestamp": 1721898166.2274628, "_runtime": 1019.9655177593231, "_step": 34, "train_Loss": 0.3858949506394966, "train_AUC": 0.7396255619964133, "test_auprc": 0.34149041549695397, "test_AUC": 0.7340902754897737, "_wandb": {"runtime": 1019}}