{"val_Loss": 1.5697641734823309, "val_AUC": 0.7538079428238335, "_timestamp": 1722016273.2658174, "_runtime": 10567.995841503143, "_step": 38, "train_Loss": 2.178933223078059, "train_AUC": 0.6320513364896712, "test_auprc": 0.37554282237281056, "test_AUC": 0.7538079428238335, "_wandb": {"runtime": 10567}}