{"val_Loss": 1.442350936787469, "val_AUC": 0.5, "_timestamp": 1721694762.105814, "_runtime": 9.877628087997437, "_step": 0, "_wandb": {"runtime": 12}}