{"val_Loss": 0.5257705404122073, "val_AUC": 0.4825290504210935, "_timestamp": 1721625576.7765105, "_runtime": 101.36247754096985, "_step": 0, "_wandb": {"runtime": 248}}