{"val_Loss": 0.4196512554953625, "val_AUC": 0.725660845984236, "_timestamp": 1721946538.36281, "_runtime": 1210.3887729644775, "_step": 40, "train_Loss": 0.3759976822388856, "train_AUC": 0.7572471489732514, "test_auprc": 0.32479209257308367, "test_AUC": 0.725660845984236, "_wandb": {"runtime": 1209}}