{"val_Loss": 0.4035935861368974, "val_AUC": 0.7298949572736178, "_timestamp": 1721944977.9855938, "_runtime": 278.4440948963165, "_step": 6}