{"val_Loss": 0.39482791775039267, "val_AUC": 0.7549807374793616, "_timestamp": 1721779784.8110263, "_runtime": 981.8367104530334, "_step": 8}