{"val_Loss": 0.3554922348106062, "val_AUC": 0.8049471576653066, "_timestamp": 1722007437.1232002, "_runtime": 1851.688060283661, "_step": 46, "train_Loss": 0.1130918257187144, "train_AUC": 0.9814591728592776, "test_auprc": 0.4721359582356249, "test_AUC": 0.8049471576653066, "_wandb": {"runtime": 1849}}