{"val_Loss": 1.7402422603438883, "val_AUC": 0.7621562713840383, "_timestamp": 1721977498.6929626, "_runtime": 26725.379772663116, "_step": 90, "train_Loss": 3.073767230502869, "train_AUC": 0.6272657181926624, "test_auprc": 0.3639532683639744, "test_AUC": 0.7621562713840383, "_wandb": {"runtime": 26724}}