{"val_Loss": 0.3595904977871226, "val_AUC": 0.8176242491826545, "_timestamp": 1721946564.3280537, "_runtime": 1126.8056197166443, "_step": 36, "train_Loss": 0.14497136018876533, "train_AUC": 0.9683910956946757, "test_auprc": 0.4452436725339785, "test_AUC": 0.8176242491826545, "_wandb": {"runtime": 1125}}