{"val_Loss": 0.4210579137910496, "val_AUC": 0.633438933522569, "_timestamp": 1721901386.5993161, "_runtime": 4271.360007047653, "_step": 101, "train_Loss": 0.41381144785325585, "train_AUC": 0.6265020349037731, "test_auprc": 0.22071242730751436, "test_AUC": 0.633438933522569, "_wandb": {"runtime": 4270}}