{"val_Loss": 0.42158731930237964, "val_AUC": 0.49690195089720407, "_timestamp": 1721697996.5816112, "_runtime": 716.275288105011, "_step": 4, "train_Loss": 0.4243461815430258, "train_AUC": 0.49650549584651726, "_wandb": {"runtime": 731}}