{"val_Loss": 2.240608982140469, "val_AUC": 0.7620477528089886, "_timestamp": 1722028115.7349746, "_runtime": 22433.020771741867, "_step": 40, "train_Loss": 1.700250117510195, "train_AUC": 0.9858588742995619, "test_auprc": 0.3468780944134605, "test_AUC": 0.7620477528089886, "_wandb": {"runtime": 22432}}