{"val_Loss": 0.4269073685365064, "val_AUC": 0.6467437167492203, "_timestamp": 1721704357.3250246, "_runtime": 149.86223769187927, "_step": 14}