{"val_Loss": 0.36702366239608153, "val_AUC": 0.8362921348314607, "_timestamp": 1721991111.0041246, "_runtime": 2567.487248659134, "_step": 40, "train_Loss": 0.021858055027476616, "train_AUC": 0.9992208824398654, "test_auprc": 0.4922356939448711, "test_AUC": 0.8362921348314607, "_wandb": {"runtime": 2566}}