{"val_Loss": 3.253069587868457, "val_AUC": 0.7924269662921348, "_timestamp": 1722133987.1147666, "_runtime": 21439.12141752243, "_step": 44, "train_Loss": 1.1178516629836828, "train_AUC": 0.9962417631251866, "test_auprc": 0.4052452244202376, "test_AUC": 0.7924269662921348, "_wandb": {"runtime": 21438}}