{"val_Loss": 0.6866727293311775, "val_AUC": 0.5998327293002509, "_timestamp": 1721951057.5804284, "_runtime": 1462.9010293483734, "_step": 42, "train_Loss": 0.44411756691112314, "train_AUC": 0.610610681720593, "test_auprc": 0.22073942793714668, "test_AUC": 0.5998327293002509, "_wandb": {"runtime": 1462}}