{"val_Loss": 0.35506788999229283, "val_AUC": 0.8185315660085664, "_timestamp": 1721952910.4349825, "_runtime": 3544.7704615592957, "_step": 101, "train_Loss": 0.1767833704115509, "train_AUC": 0.957743795184802, "test_auprc": 0.5036787280311167, "test_AUC": 0.8185315660085664, "_wandb": {"runtime": 3543}}