{"val_Loss": 0.31600539144370465, "val_AUC": 0.8483412322274881, "_timestamp": 1721947468.0402257, "_runtime": 1424.2418518066406, "_step": 38, "train_Loss": 0.09159814052978084, "train_AUC": 0.9888682599747098, "test_auprc": 0.5482906251436254, "test_AUC": 0.8483412322274881, "_wandb": {"runtime": 1423}}