{"val_Loss": 0.4073368548959881, "val_AUC": 0.7056339812960946, "_timestamp": 1721887464.7742598, "_runtime": 987.9229848384857, "_step": 48, "train_Loss": 0.15272238235887287, "train_AUC": 0.9685444490111506, "test_auprc": 0.31018627917229186, "test_AUC": 0.7056339812960946, "_wandb": {"runtime": 987}}