{"val_Loss": 0.35359281107976837, "val_AUC": 0.8002433028359986, "_timestamp": 1721898039.8141012, "_runtime": 1479.2441761493683, "_step": 38, "train_Loss": 0.2109959379245784, "train_AUC": 0.929127799840361, "test_auprc": 0.4394013753845481, "test_AUC": 0.8002433028359986, "_wandb": {"runtime": 1478}}