{"val_Loss": 0.7067331362487679, "val_AUC": 0.5110252938127957, "_timestamp": 1721883798.1708813, "_runtime": 15.942942380905151, "_step": 0, "_wandb": {"runtime": 15}}