{"val_Loss": 0.4485213224974911, "val_AUC": 0.6537004670238172, "_timestamp": 1721999286.4593155, "_runtime": 5975.8373465538025, "_step": 6}