{"val_Loss": 5.907704190416359, "val_AUC": 0.7067060344172137, "_timestamp": 1722020444.9423246, "_runtime": 19285.513447523117, "_step": 66, "train_Loss": 6.489512477119941, "train_AUC": 0.5086264583515172, "test_auprc": 0.3167539794440329, "test_AUC": 0.7067060344172137, "_wandb": {"runtime": 19284}}