{"val_Loss": 0.3737553762689604, "val_AUC": 0.75140099626401, "_timestamp": 1721893053.3850296, "_runtime": 6524.687747478485, "_step": 40, "train_Loss": 0.026162675231366096, "train_AUC": 0.9986555360021873, "test_auprc": 0.3077056841424374, "test_AUC": 0.75140099626401, "_wandb": {"runtime": 6523}}