{"val_Loss": 0.38714106858200875, "val_AUC": 0.5045565173436691, "_timestamp": 1721892154.1265342, "_runtime": 7394.565327167511, "_step": 46, "train_Loss": 0.3907645865468176, "train_AUC": 0.4960929737622448, "test_auprc": 0.13062668854453027, "test_AUC": 0.5045565173436691, "_wandb": {"runtime": 7393}}