{"val_Loss": 0.5031910638014475, "val_AUC": 0.4615124801567197, "_timestamp": 1721884006.6986682, "_runtime": 18.199533224105835, "_step": 0, "_wandb": {"runtime": 17}}