{"train_Loss": 0.42036923250757663, "train_AUC": 0.5326023264709974, "_timestamp": 1721720140.3337617, "_runtime": 663.0677356719971, "_step": 3}