{"val_Loss": 0.4018762534203595, "val_AUC": 0.7064550561797752, "_timestamp": 1721976495.4601939, "_runtime": 3193.983329772949, "_step": 101, "train_Loss": 0.38662467151880264, "train_AUC": 0.7399427316231271, "test_auprc": 0.29590920442779367, "test_AUC": 0.7064550561797752, "_wandb": {"runtime": 3193}}