{"val_Loss": 2.496172956350048, "val_AUC": 0.7594494382022472, "_timestamp": 1721982848.9506364, "_runtime": 28470.035920381546, "_step": 66, "train_Loss": 1.6767446306791711, "train_AUC": 0.845783831075498, "test_auprc": 0.3615876560940784, "test_AUC": 0.7594494382022472, "_wandb": {"runtime": 28469}}