{"val_Loss": 0.3980747637423602, "val_AUC": 0.6974123729629723, "_timestamp": 1721710873.778403, "_runtime": 1942.0214140415192, "_step": 41, "train_Loss": 0.3713317010351407, "train_AUC": 0.7430865499265857, "test_auprc": 0.3166323605289261, "test_AUC": 0.6974123729629723, "_wandb": {"runtime": 1808}}