{"val_Loss": 9.09684651135819, "val_AUC": 0.744927536231884, "_timestamp": 1722112034.759493, "_runtime": 15418.79965519905, "_step": 30}