{"val_Loss": 0.4010641156853019, "val_AUC": 0.6986136807157157, "_timestamp": 1721897682.5022418, "_runtime": 1897.98210978508, "_step": 101, "train_Loss": 0.3854342369516263, "train_AUC": 0.7462221740458618, "test_auprc": 0.29524286454725257, "test_AUC": 0.6986136807157157, "_wandb": {"runtime": 1897}}