{"val_Loss": 0.388662043839587, "val_AUC": 0.49944620419214464, "_timestamp": 1721891138.235244, "_runtime": 5387.931551933289, "_step": 34, "train_Loss": 0.38942166617301505, "train_AUC": 0.5038997646002599, "test_auprc": 0.1329430314934232, "test_AUC": 0.49944620419214464, "_wandb": {"runtime": 5386}}