{"val_Loss": 0.5327047277590755, "val_AUC": 0.49088887229223693, "_timestamp": 1721600985.4302838, "_runtime": 133.5903947353363, "_step": 0, "_wandb": {"runtime": 133}}