{"val_Loss": 1.6595955588085627, "val_AUC": 0.7276985072357249, "_timestamp": 1721974917.7821639, "_runtime": 23887.37844991684, "_step": 101, "train_Loss": 1.3837022791673943, "train_AUC": 0.7556289596745214, "test_auprc": 0.3187210832238077, "test_AUC": 0.7276985072357249, "_wandb": {"runtime": 23886}}