{"val_Loss": 0.33880860842280575, "val_AUC": 0.8322731074334084, "_timestamp": 1721899549.2552986, "_runtime": 2935.4759426116943, "_step": 74, "train_Loss": 0.19746169359106103, "train_AUC": 0.9437055041407427, "test_auprc": 0.511435344093513, "test_AUC": 0.8322731074334084, "_wandb": {"runtime": 2934}}