{"val_Loss": 0.37030036573948927, "val_AUC": 0.7705955056179775, "_timestamp": 1721995533.2561066, "_runtime": 7517.679576635361, "_step": 101, "train_Loss": 0.32896652411585464, "train_AUC": 0.8239191356571918, "test_auprc": 0.3816405643526291, "test_AUC": 0.7705955056179775, "_wandb": {"runtime": 7516}}