{"val_Loss": 12.937189680839975, "val_AUC": 0.6840579710144927, "_timestamp": 1721873114.6368873, "_runtime": 8818.838255405426, "_step": 32}