{"val_Loss": 0.41939482663746, "val_AUC": 0.7621714778112882, "_timestamp": 1722004369.4546816, "_runtime": 3869.521968603134, "_step": 94, "train_Loss": 0.23622310321818116, "train_AUC": 0.9196480171834129, "test_auprc": 0.4235062401366563, "test_AUC": 0.7621714778112882, "_wandb": {"runtime": 3868}}