{"val_Loss": 0.435607727084841, "val_AUC": 0.5, "_timestamp": 1721702989.6857781, "_runtime": 309.7549641132355, "_step": 30, "train_Loss": 0.42498609967025597, "train_AUC": 0.515203783558214, "_wandb": {"runtime": 446}}