{"val_Loss": 0.5327047277590755, "val_AUC": 0.49088887229223693, "_timestamp": 1721621973.136037, "_runtime": 99.75654315948486, "_step": 0, "_wandb": {"runtime": 473}}