{"val_Loss": 0.782055673533923, "val_AUC": 0.6272022471910113, "_timestamp": 1721991166.2694042, "_runtime": 2499.5411081314087, "_step": 40, "train_Loss": 0.5071502324557842, "train_AUC": 0.5675105365856631, "test_auprc": 0.2880449037656038, "test_AUC": 0.6272022471910113, "_wandb": {"runtime": 2498}}