{"val_Loss": 0.3428803694258805, "val_AUC": 0.7583484772692293, "_timestamp": 1721895815.4156349, "_runtime": 8445.474253892899, "_step": 52, "train_Loss": 0.189966448712874, "train_AUC": 0.939655442360103, "test_auprc": 0.29862900052353425, "test_AUC": 0.7583484772692293, "_wandb": {"runtime": 8444}}