{"val_Loss": 0.3370338183355658, "val_AUC": 0.8426404494382023, "_timestamp": 1722003574.049801, "_runtime": 3098.9313621520996, "_step": 40, "train_Loss": 0.014220786159427021, "train_AUC": 0.9996295927130311, "test_auprc": 0.5041516648789094, "test_AUC": 0.8426404494382023, "_wandb": {"runtime": 3098}}