{"val_Loss": 0.4254470017171444, "val_AUC": 0.5, "_timestamp": 1721699359.5089817, "_runtime": 506.41979360580444, "_step": 9, "train_Loss": 0.4301424891989034, "train_AUC": 0.5095771317290305, "_wandb": {"runtime": 644}}