{"val_Loss": 3.773161474286168, "val_AUC": 0.7728707865168539, "_timestamp": 1722028116.7628615, "_runtime": 27612.26302742958, "_step": 48, "train_Loss": 1.0275444501951279, "train_AUC": 0.9967486477290876, "test_auprc": 0.3860172229797175, "test_AUC": 0.7728707865168539, "_wandb": {"runtime": 27611}}