{"val_Loss": 0.3922876110905177, "val_AUC": 0.7113161162784805, "_timestamp": 1722043300.5153077, "_runtime": 4348.567002773285, "_step": 101, "train_Loss": 0.36198670513206915, "train_AUC": 0.7719320001700705, "test_auprc": 0.3157128659460718, "test_AUC": 0.7113161162784805, "_wandb": {"runtime": 4347}}