{"train_Loss": 0.39999635882114853, "train_AUC": 0.680849830999517, "_timestamp": 1721898734.1685529, "_runtime": 844.2519669532776, "_step": 21}