{"val_Loss": 0.4362733576978956, "val_AUC": 0.6706292423408549, "_timestamp": 1721703913.3257008, "_runtime": 54.34068465232849, "_step": 4}