{"val_Loss": 0.5697636774608067, "val_AUC": 0.5, "_timestamp": 1721696421.0108383, "_runtime": 116.5898003578186, "_step": 9, "train_Loss": 0.47741490825170413, "train_AUC": 0.486360189325593, "_wandb": {"runtime": 126}}