{"val_Loss": 1.5697641734823309, "val_AUC": 0.7538079428238335, "_timestamp": 1722011175.172338, "_runtime": 9311.20332789421, "_step": 38, "train_Loss": 2.178933223078059, "train_AUC": 0.6320513364896712, "test_auprc": 0.37554282237281056, "test_AUC": 0.7538079428238335, "_wandb": {"runtime": 9310}}