{"val_Loss": 0.7295964956616184, "val_AUC": 0.7406714364336819, "_timestamp": 1721726147.8235023, "_runtime": 2024.0000462532043, "_step": 16}