{"val_Loss": 0.4051234537833615, "val_AUC": 0.7067864097927389, "_timestamp": 1721624449.7854452, "_runtime": 967.4678912162781, "_step": 7, "train_Loss": 0.3980873463801423, "train_AUC": 0.6696935226589262, "test_auprc": 0.2959877087819638, "test_AUC": 0.7067864097927389, "_wandb": {"runtime": 805}}