{"val_Loss": 0.8318706178045893, "val_AUC": 0.5976531413944295, "_timestamp": 1721950209.3214583, "_runtime": 1277.3185234069824, "_step": 32, "train_Loss": 0.4252451357288173, "train_AUC": 0.481364098760533, "test_auprc": 0.217040196134409, "test_AUC": 0.5976531413944295, "_wandb": {"runtime": 1275}}