{"val_Loss": 0.5031910638014475, "val_AUC": 0.4615124801567197, "_timestamp": 1721883725.7065952, "_runtime": 17.371766090393066, "_step": 0, "_wandb": {"runtime": 16}}