{"val_Loss": 0.7227628258141604, "val_AUC": 0.5031008732867498, "_timestamp": 1721992067.7264278, "_runtime": 100.32119369506836, "_step": 0, "_wandb": {"runtime": 102}}