{"val_Loss": 0.425317253669103, "val_AUC": 0.7452291687776539, "_timestamp": 1721944971.9188416, "_runtime": 284.9350106716156, "_step": 8}