{"val_Loss": 0.3678778270131921, "val_AUC": 0.794752808988764, "_timestamp": 1721992511.0013723, "_runtime": 3993.145722389221, "_step": 52, "train_Loss": 0.1845624981889207, "train_AUC": 0.9359295869180548, "test_auprc": 0.41530521542357196, "test_AUC": 0.794752808988764, "_wandb": {"runtime": 3992}}