{"val_Loss": 0.4280148694912593, "val_AUC": 0.7400276961529368, "_timestamp": 1721898704.316085, "_runtime": 157.83366012573242, "_step": 4}