{"val_Loss": 0.380535437432054, "val_AUC": 0.7516123595505618, "_timestamp": 1721978027.468935, "_runtime": 2580.4898319244385, "_step": 38, "train_Loss": 0.37654225897968263, "train_AUC": 0.7542214725905007, "test_auprc": 0.35259490841322555, "test_AUC": 0.7516123595505618, "_wandb": {"runtime": 2579}}