{"val_Loss": 2.520216326163599, "val_AUC": 0.6053988764044944, "_timestamp": 1721977080.7322695, "_runtime": 22516.001608610153, "_step": 54, "train_Loss": 1.9396995251594595, "train_AUC": 0.6228991195483866, "test_auprc": 0.2557718912274548, "test_AUC": 0.6053988764044944, "_wandb": {"runtime": 22515}}