{"train_Loss": 0.4283204768273167, "train_AUC": 0.4869453331478647, "_timestamp": 1721702246.6660476, "_runtime": 325.6398994922638, "_step": 17}