{"val_Loss": 0.4193322876196229, "val_AUC": 0.5168108404312969, "_timestamp": 1721623136.1946962, "_runtime": 661.9209561347961, "_step": 3, "train_Loss": 0.42801304758013636, "train_AUC": 0.5044797923473747, "_wandb": {"runtime": 850}}