{"val_Loss": 0.42785308751967044, "val_AUC": 0.505476848214512, "_timestamp": 1721891747.0773544, "_runtime": 2229.240563392639, "_step": 101, "train_Loss": 0.42083556522818877, "train_AUC": 0.5296473161934981, "test_auprc": 0.16444016641255518, "test_AUC": 0.505476848214512, "_wandb": {"runtime": 2228}}