{"val_Loss": 0.5031910638014475, "val_AUC": 0.4615124801567197, "_timestamp": 1721883403.7009625, "_runtime": 17.11984157562256, "_step": 0, "_wandb": {"runtime": 16}}