{"val_Loss": 0.3941904451340845, "val_AUC": 0.711123595505618, "_timestamp": 1721974543.1540914, "_runtime": 1935.6514732837677, "_step": 64, "train_Loss": 0.36103475752069536, "train_AUC": 0.7680836173320351, "test_auprc": 0.3108929477376259, "test_AUC": 0.711123595505618, "_wandb": {"runtime": 1934}}