{"val_Loss": 0.44203453361988065, "val_AUC": 0.7376971662106935, "_timestamp": 1721898715.45578, "_runtime": 216.20017004013062, "_step": 6}