{"val_Loss": 0.5327047277590755, "val_AUC": 0.49088887229223693, "_timestamp": 1721601640.657568, "_runtime": 127.969064950943, "_step": 0}