{"val_Loss": 0.5188231103122234, "val_AUC": 0.6504542844597561, "_timestamp": 1721898690.3519022, "_runtime": 712.3632953166962, "_step": 18}