{"val_Loss": 1.5571699090584163, "val_AUC": 0.7926451580201231, "_timestamp": 1721969540.1934266, "_runtime": 18656.569356679916, "_step": 76, "train_Loss": 1.5537993207816483, "train_AUC": 0.7931682664597041, "test_auprc": 0.453071501207626, "test_AUC": 0.7926451580201231, "_wandb": {"runtime": 18655}}