{"val_Loss": 0.5327047277590755, "val_AUC": 0.49088887229223693, "_timestamp": 1721592885.5517342, "_runtime": 134.56790709495544, "_step": 0, "_wandb": {"runtime": 136}}