{"val_Loss": 0.3156513781357978, "val_AUC": 0.786367930334998, "_timestamp": 1721890225.571251, "_runtime": 1996.4002668857574, "_step": 101, "train_Loss": 0.3111984053164163, "train_AUC": 0.7984239873937128, "test_auprc": 0.37332512868147927, "test_AUC": 0.786367930334998, "_wandb": {"runtime": 1995}}