{"val_Loss": 0.39527588705350825, "val_AUC": 0.712808880553514, "_timestamp": 1721900068.1757512, "_runtime": 3449.140609264374, "_step": 101, "train_Loss": 0.3616642597328377, "train_AUC": 0.7704782270223396, "test_auprc": 0.3074739508194093, "test_AUC": 0.712808880553514, "_wandb": {"runtime": 3448}}