{"val_Loss": 0.41914441883563996, "val_AUC": 0.7389806464687405, "_timestamp": 1721898720.392079, "_runtime": 723.2287011146545, "_step": 18}