{"val_Loss": 0.16024098408765586, "val_AUC": 0.9620363832884427, "_timestamp": 1721723717.1827064, "_runtime": 2036.7118303775787, "_step": 12}