{"val_Loss": 0.47444154428584234, "val_AUC": 0.5446340121078701, "_timestamp": 1721703677.4554422, "_runtime": 248.5455710887909, "_step": 24, "train_Loss": 0.35745576348968017, "train_AUC": 0.7653350605091112, "_wandb": {"runtime": 261}}