{"val_Loss": 0.4221130605429819, "val_AUC": 0.6350561797752808, "_timestamp": 1721994438.710199, "_runtime": 6434.048238039017, "_step": 101, "train_Loss": 0.4122440087840073, "train_AUC": 0.6330883955266162, "test_auprc": 0.22565649496676718, "test_AUC": 0.6350561797752808, "_wandb": {"runtime": 6433}}