{"val_Loss": 0.3584644483378181, "val_AUC": 0.8352586359834757, "_timestamp": 1721897393.9113762, "_runtime": 1862.9447221755981, "_step": 101, "train_Loss": 0.24441634905674764, "train_AUC": 0.9126278343302556, "test_auprc": 0.5278279054550038, "test_AUC": 0.8352586359834757, "_wandb": {"runtime": 1862}}