{"val_Loss": 0.4309205191133365, "val_AUC": 0.8295674157303371, "_timestamp": 1721992735.5317824, "_runtime": 4816.0835773944855, "_step": 66, "train_Loss": 0.07426995552220221, "train_AUC": 0.9885150055640562, "test_auprc": 0.4683584283444098, "test_AUC": 0.8295674157303371, "_wandb": {"runtime": 4815}}