{"val_Loss": 0.42878770228330193, "val_AUC": 0.5370301847580911, "_timestamp": 1721886422.1113067, "_runtime": 767.1246666908264, "_step": 36, "train_Loss": 0.4248211801479367, "train_AUC": 0.4944876706806439, "test_auprc": 0.16705377252605724, "test_AUC": 0.5370301847580911, "_wandb": {"runtime": 766}}