{"val_Loss": 0.4199585906208906, "val_AUC": 0.533271880965456, "_timestamp": 1721719252.0959978, "_runtime": 425.63182282447815, "_step": 2}