{"val_Loss": 0.468727650193425, "val_AUC": 0.45000887041589577, "_timestamp": 1721897756.2032433, "_runtime": 1864.3842902183533, "_step": 101, "train_Loss": 0.4675879943114455, "train_AUC": 0.4356499374254772, "test_auprc": 0.1403220673103191, "test_AUC": 0.45000887041589577, "_wandb": {"runtime": 1863}}