{"val_Loss": 0.33359669594021585, "val_AUC": 0.8263932888967737, "_timestamp": 1721949870.95976, "_runtime": 3406.2784039974213, "_step": 101, "train_Loss": 0.29671503344423883, "train_AUC": 0.8672974129221287, "test_auprc": 0.46902851839054904, "test_AUC": 0.8263932888967737, "_wandb": {"runtime": 3405}}