{"train_Loss": 0.41405199535359116, "train_AUC": 0.6074440986228962, "_timestamp": 1721718634.759574, "_runtime": 1577.1441719532013, "_step": 9}