{"val_Loss": 3.578152386093403, "val_AUC": 0.7906348314606741, "_timestamp": 1721971716.5494294, "_runtime": 17416.34207344055, "_step": 44, "train_Loss": 1.0658981849805047, "train_AUC": 0.9972533624502663, "test_auprc": 0.4262280613221618, "test_AUC": 0.7906348314606741, "_wandb": {"runtime": 17415}}