{"val_Loss": 0.4039940898391334, "val_AUC": 0.8036596801581468, "_timestamp": 1722004059.9417272, "_runtime": 2169.869760274887, "_step": 64, "train_Loss": 0.11452702470257291, "train_AUC": 0.975541343529203, "test_auprc": 0.4466850200793126, "test_AUC": 0.8036596801581468, "_wandb": {"runtime": 2169}}