{"val_Loss": 0.3835041114728745, "val_AUC": 0.7514662921348314, "_timestamp": 1721966009.3300529, "_runtime": 3005.4501259326935, "_step": 101, "train_Loss": 0.30509906598275766, "train_AUC": 0.8523168850186972, "test_auprc": 0.36889730553034294, "test_AUC": 0.7514662921348314, "_wandb": {"runtime": 3004}}