{"val_Loss": 0.3252034972179426, "val_AUC": 0.8406910112359549, "_timestamp": 1721968520.069313, "_runtime": 2899.6742639541626, "_step": 94, "train_Loss": 0.23231863680722795, "train_AUC": 0.9192624844189918, "test_auprc": 0.544262687455797, "test_AUC": 0.8406910112359549, "_wandb": {"runtime": 2896}}