{"val_Loss": 0.3935127631797419, "val_AUC": 0.7033783612540233, "_timestamp": 1721896638.5899835, "_runtime": 988.524311542511, "_step": 54, "train_Loss": 0.36092742532491684, "train_AUC": 0.7724111106386933, "test_auprc": 0.30487867637191984, "test_AUC": 0.7033783612540233, "_wandb": {"runtime": 987}}