{"val_Loss": 0.3496990382864878, "val_AUC": 0.8345236586663963, "_timestamp": 1721898517.3702893, "_runtime": 1935.7573902606964, "_step": 50, "train_Loss": 0.08813422659368632, "train_AUC": 0.9894768375723056, "test_auprc": 0.5314248605070138, "test_AUC": 0.8345236586663963, "_wandb": {"runtime": 1934}}