{"val_Loss": 2.323842564931641, "val_AUC": 0.7264550561797753, "_timestamp": 1722039009.384021, "_runtime": 37875.9043200016, "_step": 66, "train_Loss": 5.163031300185355, "train_AUC": 0.5142439781414694, "test_auprc": 0.30477665423860434, "test_AUC": 0.7264550561797753, "_wandb": {"runtime": 37874}}