{"val_Loss": 0.4099150847691994, "val_AUC": 0.6753782598778417, "_timestamp": 1721890322.5745728, "_runtime": 2157.5367097854614, "_step": 101, "train_Loss": 0.39857617843108367, "train_AUC": 0.677814720286956, "test_auprc": 0.2554628551270724, "test_AUC": 0.6753782598778417, "_wandb": {"runtime": 2156}}