{"val_Loss": 2.943228263214876, "val_AUC": 0.7512303370786517, "_timestamp": 1722025288.480139, "_runtime": 23449.296760082245, "_step": 46, "train_Loss": 3.1531759541022715, "train_AUC": 0.6179925807369964, "test_auprc": 0.32723725036633106, "test_AUC": 0.7512303370786517, "_wandb": {"runtime": 23448}}