{"val_Loss": 1.4094268181552625, "val_AUC": 0.5, "_timestamp": 1721695151.266388, "_runtime": 61.338911056518555, "_step": 5, "train_Loss": 0.761532730850062, "train_AUC": 0.4909305883989429, "test_auprc": 0.15110356536502548, "test_AUC": 0.5, "_wandb": {"runtime": 54}}