{"val_Loss": 0.34720859043810465, "val_AUC": 0.8518820224719099, "_timestamp": 1721978888.5270357, "_runtime": 3225.8031797409058, "_step": 54, "train_Loss": 0.08708605237823344, "train_AUC": 0.9892750363920051, "test_auprc": 0.517493799010185, "test_AUC": 0.8518820224719099, "_wandb": {"runtime": 3224}}