{"val_Loss": 1.5375780282567626, "val_AUC": 0.7688673746103353, "_timestamp": 1721961585.5942986, "_runtime": 10653.483489513397, "_step": 44, "train_Loss": 1.189134700090876, "train_AUC": 0.8749193026490748, "test_auprc": 0.39584844899685123, "test_AUC": 0.7688673746103353, "_wandb": {"runtime": 10652}}