{"val_Loss": 0.40576729444520815, "val_AUC": 0.705008255365988, "_timestamp": 1721863989.3040946, "_runtime": 954.6675465106964, "_step": 18}