{"val_Loss": 0.3454967783126113, "val_AUC": 0.834561797752809, "_timestamp": 1722009961.2204137, "_runtime": 4399.752790689468, "_step": 56, "train_Loss": 0.1276668703675452, "train_AUC": 0.9760541047090475, "test_auprc": 0.4969267436140528, "test_AUC": 0.834561797752809, "_wandb": {"runtime": 4398}}