{"val_Loss": 0.7227628258141604, "val_AUC": 0.5031008732867498, "_timestamp": 1721992719.4557548, "_runtime": 131.38092970848083, "_step": 0, "_wandb": {"runtime": 134}}