{"val_Loss": 0.7227628258141604, "val_AUC": 0.5031008732867498, "_timestamp": 1721992394.991259, "_runtime": 134.79192209243774, "_step": 0, "_wandb": {"runtime": 135}}