{"val_Loss": 0.4443765343868569, "val_AUC": 0.6736741573033709, "_timestamp": 1721980303.2341616, "_runtime": 2642.1886587142944, "_step": 36, "train_Loss": 0.42258750809762713, "train_AUC": 0.49350524990304556, "test_auprc": 0.28245495662305653, "test_AUC": 0.6736741573033709, "_wandb": {"runtime": 2641}}