{"val_Loss": 2.1702147550570734, "val_AUC": 0.709314606741573, "_timestamp": 1721973737.308733, "_runtime": 19662.79232597351, "_step": 40, "train_Loss": 2.9611447038969927, "train_AUC": 0.5375880104432116, "test_auprc": 0.2709460229656534, "test_AUC": 0.709314606741573, "_wandb": {"runtime": 19661}}