{"val_Loss": 0.393051925320904, "val_AUC": 0.7097954735534886, "_timestamp": 1721888996.113516, "_runtime": 1702.1057710647583, "_step": 80, "train_Loss": 0.3353735085136147, "train_AUC": 0.8132110873327445, "test_auprc": 0.32506108861997374, "test_AUC": 0.7097954735534886, "_wandb": {"runtime": 1701}}