{"val_Loss": 0.4017569111152129, "val_AUC": 0.7278201586537243, "_timestamp": 1721902122.297276, "_runtime": 2322.238809108734, "_step": 72, "train_Loss": 0.39117377555818966, "train_AUC": 0.7123637402812406, "test_auprc": 0.3339959535535908, "test_AUC": 0.7278201586537243, "_wandb": {"runtime": 2321}}