{"val_Loss": 0.7081620987256368, "val_AUC": 0.5141520877083702, "_timestamp": 1721628832.6359885, "_runtime": 311.75519251823425, "_step": 0}