{"val_Loss": 0.5327047277590755, "val_AUC": 0.49088887229223693, "_timestamp": 1721621622.2124088, "_runtime": 98.69883275032043, "_step": 0, "_wandb": {"runtime": 98}}