{"val_Loss": 0.43418797753649213, "val_AUC": 0.7731292134831461, "_timestamp": 1721978508.0887058, "_runtime": 3068.6513397693634, "_step": 52, "train_Loss": 0.09499576968522533, "train_AUC": 0.9864372607967631, "test_auprc": 0.39841963332587543, "test_AUC": 0.7731292134831461, "_wandb": {"runtime": 3067}}