{"val_Loss": 0.35145550685656535, "val_AUC": 0.8376764579162125, "_timestamp": 1721895870.1954439, "_runtime": 747.4611148834229, "_step": 42, "train_Loss": 0.2534496869264324, "train_AUC": 0.9042243607005013, "test_auprc": 0.5303672441929955, "test_AUC": 0.8376764579162125, "_wandb": {"runtime": 746}}