{"val_Loss": 0.5327047277590755, "val_AUC": 0.49088887229223693, "_timestamp": 1721594509.2831686, "_runtime": 412.4352104663849, "_step": 1, "train_Loss": 37.90871876362772, "train_AUC": 0.5292243882782866, "_wandb": {"runtime": 412}}