{"val_Loss": 0.34287681690323246, "val_AUC": 0.7180739427950567, "_timestamp": 1721707570.879387, "_runtime": 755.4008347988129, "_step": 41, "train_Loss": 0.3359236784792524, "train_AUC": 0.7382343059714644, "test_auprc": 0.263410382950612, "test_AUC": 0.7180739427950567, "_wandb": {"runtime": 877}}