{"val_Loss": 0.435486022915159, "val_AUC": 0.5, "_timestamp": 1721703185.2075436, "_runtime": 52.4141047000885, "_step": 4}