{"val_Loss": 0.43004641517416226, "val_AUC": 0.6261195732062752, "_timestamp": 1721899423.4199708, "_runtime": 3139.905914783478, "_step": 78, "train_Loss": 0.40898555551912624, "train_AUC": 0.5980847268893071, "test_auprc": 0.21946719796042335, "test_AUC": 0.6261195732062752, "_wandb": {"runtime": 3139}}